year,mileage,brand,model,price
2006.0,194495.0,Toyota,Corolla,10347.0
2007.0,10390.0,Toyota,Corolla,22153.0
2011.0,111997.0,Ford,Mustang,18892.0
2015.0,143671.0,Audi,A4,18183.0
2002.0,119364.0,Audi,A3,13359.0
2006.0,187364.0,Audi,Q5,13025.0
2012.0,125083.0,Audi,A4,18574.0
2017.0,34342.0,Audi,Q5,23425.0
2010.0,100701.0,Audi,A4,20086.0
2012.0,91651.0,Ford,Focus,18688.0
2004.0,72406.0,Ford,Fusion,15296.0
2005.0,79111.0,Honda,Accord,15619.0
2015.0,33960.0,,Mustang,25912.0
2009.0,120990.0,Ford,Fusion,15529.0
2022.0,107701.0,Audi,A3,24124.0
2012.0,112967.0,BMW,5 Series,20426.0
2006.0,199377.0,,,11592.0
2010.0,23791.0,Audi,A4,22416.0
2020.0,59580.0,Audi,A4,25174.0
2004.0,131714.0,Toyota,Camry,13921.0
2017.0,57191.0,Honda,,23344.0
2009.0,143839.0,Ford,Mustang,17356.0
2012.0,82165.0,Audi,A4,21299.0
2020.0,109578.0,Toyota,Corolla,23474.0
2018.0,14514.0,Ford,Focus,26963.0
2009.0,171881.0,Honda,Accord,12643.0
2018.0,182697.0,Ford,Fusion,18394.0
2010.0,181973.0,Ford,Fusion,15940.0
2003.0,156915.0,Honda,Accord,10564.0
2009.0,5918.0,,Civic,24518.0
2020.0,136217.0,Ford,Focus,20587.0
2016.0,59724.0,Ford,Fusion,23441.0
2011.0,85727.0,Audi,A4,19330.0
2018.0,42580.0,Honda,Fit,26303.0
2016.0,16384.0,BMW,5 Series,24935.0
2008.0,95106.0,BMW,3 Series,16221.0
2004.0,119423.0,BMW,X3,14501.0
2001.0,188239.0,Audi,A4,8934.0
2000.0,170948.0,Honda,Civic,11728.0
2011.0,59876.0,Ford,,20172.0
2016.0,16514.0,Audi,Q5,26102.0
2016.0,199020.0,Toyota,Camry,17524.0
2016.0,119291.0,Audi,A3,20918.0
2005.0,106679.0,BMW,3 Series,16402.0
2012.0,94987.0,Ford,Mustang,21516.0
2016.0,155762.0,Audi,A4,19929.0
2002.0,154101.0,,X3,11745.0
2013.0,187921.0,Ford,Fusion,14237.0
2000.0,181556.0,Honda,Accord,11245.0
2005.0,157260.0,Honda,Fit,12186.0
2015.0,64825.0,BMW,X3,23654.0
2000.0,94467.0,Ford,Mustang,12979.0
2004.0,23825.0,Honda,Fit,20124.0
2016.0,181058.0,Ford,Mustang,16085.0
2015.0,162723.0,Honda,Fit,19428.0
2001.0,121008.0,Ford,Fusion,11520.0
2016.0,93254.0,Audi,A4,20332.0
2005.0,35580.0,BMW,5 Series,19700.0
2008.0,190307.0,Honda,Civic,12748.0
2012.0,8930.0,Audi,A4,26050.0
2011.0,52575.0,Honda,Accord,21108.0
2002.0,62596.0,Toyota,Prius,17112.0
2021.0,133038.0,BMW,3 Series,23687.0
2022.0,161824.0,Honda,Civic,20656.0
2012.0,125526.0,Honda,Civic,16237.0
2001.0,105360.0,BMW,5 Series,14808.0
2019.0,181018.0,Ford,,20816.0
2011.0,164689.0,Honda,Civic,14572.0
2005.0,67390.0,Audi,A4,17916.0
2014.0,165364.0,BMW,X3,18530.0
2012.0,145937.0,Audi,A4,15251.0
2002.0,186581.0,BMW,X3,9002.0
2009.0,108577.0,Audi,,17730.0
2019.0,196167.0,Toyota,,19051.0
2003.0,86785.0,Honda,Accord,16464.0
2004.0,100657.0,Toyota,Camry,17027.0
2009.0,14879.0,Audi,A4,23139.0
2008.0,128319.0,Toyota,Camry,16656.0
2008.0,122761.0,Ford,Fusion,16241.0
2009.0,103116.0,Honda,Civic,17775.0
2009.0,35347.0,Ford,Mustang,21027.0
2018.0,71325.0,Toyota,Prius,22904.0
2003.0,61761.0,Toyota,Camry,15717.0
2010.0,72954.0,Ford,Fusion,17889.0
2008.0,198932.0,Audi,Q5,13680.0
2012.0,121587.0,Toyota,Corolla,18281.0
2000.0,62002.0,BMW,5 Series,13403.0
2009.0,19899.0,Honda,Fit,21488.0
2017.0,96541.0,Toyota,Corolla,21031.0
2003.0,25790.0,Ford,Fusion,19442.0
2004.0,13564.0,Honda,Accord,18061.0
2012.0,121508.0,Ford,,18189.0
2019.0,41063.0,BMW,5 Series,25721.0
2016.0,24794.0,BMW,X3,24863.0
2008.0,182343.0,Audi,A3,12900.0
2011.0,52154.0,BMW,X3,21859.0
2020.0,170260.0,Honda,Fit,18295.0
2019.0,49231.0,Toyota,Prius,23800.0
2009.0,45732.0,Toyota,Camry,22083.0
2019.0,177072.0,,Camry,19709.0
2016.0,93511.0,Toyota,Prius,23219.0
2018.0,163472.0,Toyota,Prius,21315.0
2003.0,39507.0,BMW,3 Series,16477.0
2005.0,160272.0,BMW,,11971.0
2004.0,39686.0,Ford,Mustang,19439.0
2007.0,119210.0,Ford,Fusion,15600.0
2009.0,61870.0,Audi,Q5,18394.0
2002.0,14358.0,Audi,A3,17961.0
2008.0,84879.0,Audi,Q5,19374.0
2002.0,107250.0,Honda,Accord,13867.0
2013.0,154627.0,Honda,Accord,16940.0
2019.0,111335.0,BMW,X3,23629.0
2008.0,128530.0,BMW,3 Series,14379.0
2015.0,196763.0,Audi,,14532.0
2020.0,110783.0,BMW,X3,23699.0
2000.0,18921.0,Toyota,Camry,17134.0
2010.0,97786.0,Toyota,Camry,16985.0
2019.0,72021.0,Toyota,Prius,22917.0
2017.0,160225.0,BMW,X3,18790.0
2022.0,197782.0,Audi,Q5,20922.0
2010.0,95766.0,BMW,X3,20579.0
2019.0,56258.0,Honda,Fit,27109.0
2004.0,103375.0,Audi,A4,13524.0
2010.0,142106.0,BMW,X3,14926.0
2006.0,13448.0,BMW,3 Series,20123.0
2009.0,181716.0,Audi,Q5,15054.0
2007.0,55192.0,BMW,X3,18804.0
2011.0,49880.0,Honda,Civic,22244.0
2004.0,145947.0,Honda,Civic,11549.0
2011.0,63198.0,Toyota,Prius,21286.0
2002.0,154844.0,Toyota,Camry,10131.0
2020.0,170010.0,BMW,3 Series,18417.0
2013.0,133400.0,Honda,Accord,19828.0
2003.0,76835.0,Audi,Q5,16484.0
2011.0,165057.0,Toyota,Camry,15491.0
2010.0,169380.0,BMW,5 Series,13746.0
2004.0,192712.0,Honda,Fit,11652.0
2012.0,39155.0,Toyota,Corolla,23203.0
2007.0,119235.0,Ford,Fusion,15261.0
2020.0,124723.0,Ford,Focus,21516.0
2003.0,52892.0,Audi,Q5,17674.0
2012.0,52791.0,Ford,Mustang,20630.0
2015.0,84527.0,BMW,3 Series,23208.0
2001.0,53510.0,Audi,A3,15801.0
2014.0,20322.0,,X3,24280.0
2002.0,51586.0,Ford,Mustang,17477.0
2021.0,190350.0,Audi,A4,17703.0
2018.0,93931.0,Honda,Civic,21060.0
2006.0,78369.0,Audi,A4,16248.0
2007.0,231.0,Audi,A3,20826.0
2013.0,172095.0,Toyota,Prius,18086.0
2000.0,78521.0,BMW,3 Series,16423.0
2010.0,15321.0,Honda,Civic,24459.0
2000.0,141928.0,BMW,5 Series,11949.0
2011.0,101099.0,Toyota,Camry,18165.0
2014.0,98745.0,Honda,,21319.0
2002.0,148045.0,Toyota,Corolla,10260.0
2009.0,6392.0,Toyota,Corolla,22596.0
2018.0,140092.0,Audi,A3,21015.0
2019.0,171088.0,Toyota,Prius,20448.0
2020.0,188993.0,Ford,,20544.0
2005.0,95305.0,BMW,5 Series,16087.0
2009.0,43163.0,Audi,A4,19855.0
2002.0,1206.0,Toyota,Prius,17476.0
2002.0,78359.0,Audi,A3,15929.0
2000.0,98513.0,Honda,Fit,12939.0
2000.0,173457.0,Ford,Fusion,10708.0
2021.0,1259.0,Audi,Q5,28284.0
2002.0,156342.0,Honda,Fit,10321.0
2013.0,106776.0,BMW,5 Series,17910.0
2021.0,99242.0,Ford,Mustang,25282.0
2014.0,24630.0,BMW,3 Series,22309.0
2017.0,158579.0,Audi,Q5,18989.0
2015.0,100739.0,Ford,Mustang,20185.0
2015.0,40984.0,Audi,Q5,22245.0
2010.0,79344.0,Audi,Q5,20161.0
2009.0,152230.0,BMW,5 Series,15279.0
2011.0,110027.0,BMW,5 Series,19994.0
2021.0,115681.0,BMW,3 Series,23893.0
2006.0,61039.0,BMW,3 Series,19273.0
2009.0,38056.0,BMW,,20047.0
2004.0,91384.0,Ford,Focus,17192.0
2021.0,33982.0,Audi,A3,28609.0
2007.0,136169.0,Audi,A4,17067.0
2001.0,90492.0,Honda,Accord,15057.0
2001.0,138045.0,Ford,Fusion,11751.0
2000.0,29590.0,Ford,Fusion,15714.0
2013.0,173527.0,BMW,X3,15363.0
2020.0,121407.0,Toyota,Prius,21083.0
2021.0,183681.0,Ford,Fusion,20857.0
2011.0,109635.0,Ford,Focus,19717.0
2020.0,14155.0,Ford,Focus,26625.0
2006.0,129230.0,Honda,Civic,15181.0
2005.0,61746.0,BMW,3 Series,17557.0
2020.0,157286.0,Ford,Mustang,22108.0
2022.0,47659.0,Ford,Focus,25315.0
2021.0,46053.0,Ford,Fusion,28400.0
2014.0,188135.0,BMW,3 Series,15528.0
2015.0,116588.0,Ford,Focus,21750.0
2013.0,172820.0,Audi,Q5,15820.0
2009.0,1382.0,Ford,Focus,21215.0
2001.0,107190.0,Ford,Fusion,14348.0
2021.0,112333.0,Audi,Q5,22290.0
2010.0,179448.0,Honda,Accord,12542.0
2012.0,11427.0,Toyota,Corolla,23708.0
2004.0,64054.0,BMW,3 Series,17690.0
2017.0,62742.0,Honda,,25582.0
2000.0,58263.0,Honda,Fit,14885.0
2006.0,29275.0,,X3,19263.0
2018.0,59592.0,BMW,5 Series,22876.0
2015.0,23572.0,Audi,A3,25165.0
2022.0,153622.0,BMW,5 Series,22021.0
2012.0,45.0,Ford,Mustang,23833.0
2005.0,167165.0,Toyota,Corolla,14412.0
2007.0,25942.0,Audi,A3,19849.0
2008.0,141271.0,Honda,Civic,17018.0
2010.0,146791.0,BMW,5 Series,16600.0
2002.0,16568.0,,X3,18193.0
2013.0,125718.0,Toyota,Camry,18266.0
2003.0,89693.0,Toyota,Corolla,15937.0
2013.0,97018.0,Audi,A4,19937.0
2018.0,4935.0,Honda,Fit,28858.0
2005.0,121705.0,Honda,Civic,14979.0
2015.0,32540.0,Toyota,Prius,22713.0
2014.0,73515.0,Ford,Focus,21644.0
2017.0,70733.0,BMW,,22989.0
2008.0,142906.0,Honda,Accord,14292.0
2014.0,131772.0,Ford,Fusion,18856.0
2011.0,175578.0,Ford,Focus,13438.0
2009.0,145492.0,BMW,3 Series,16211.0
2000.0,80598.0,Toyota,Prius,14820.0
2005.0,98391.0,BMW,5 Series,15299.0
2022.0,41858.0,BMW,X3,29273.0
2018.0,173966.0,Audi,Q5,18194.0
2021.0,116238.0,BMW,5 Series,23295.0
2007.0,195145.0,Toyota,Corolla,10906.0
2011.0,21828.0,BMW,,23971.0
2017.0,196488.0,Ford,Mustang,15395.0
2014.0,189558.0,Audi,Q5,16337.0
2003.0,167937.0,BMW,5 Series,10477.0
2007.0,116725.0,BMW,5 Series,18127.0
2009.0,21613.0,Ford,Focus,21973.0
2019.0,159044.0,BMW,5 Series,18252.0
2000.0,151347.0,BMW,5 Series,9601.0
2010.0,790.0,BMW,X3,24637.0
2005.0,183252.0,Audi,A4,12577.0
2002.0,159041.0,,X3,12005.0
2005.0,192787.0,Audi,Q5,10172.0
2013.0,119539.0,Toyota,Corolla,18241.0
2019.0,81201.0,Ford,Focus,23469.0
2017.0,95174.0,Toyota,Prius,21823.0
2010.0,103545.0,Honda,Accord,18846.0
2022.0,102376.0,Ford,Fusion,24117.0
2012.0,86573.0,BMW,3 Series,21273.0
2015.0,140897.0,Toyota,Camry,18409.0
2007.0,140743.0,Honda,Accord,16459.0
2022.0,70221.0,Ford,Focus,27137.0
2018.0,47312.0,Audi,A3,24912.0
2004.0,36370.0,BMW,3 Series,20122.0
2012.0,101070.0,Ford,,19329.0
2016.0,89511.0,BMW,X3,23836.0
2003.0,166636.0,Toyota,Camry,12863.0
2019.0,10641.0,Ford,Fusion,27373.0
2003.0,94946.0,Ford,Mustang,16314.0
2010.0,150441.0,Ford,Fusion,16555.0
2011.0,115598.0,Audi,A4,19082.0
2012.0,174492.0,Ford,Focus,15811.0
2017.0,194458.0,BMW,3 Series,17072.0
2010.0,139135.0,Toyota,Corolla,17254.0
2006.0,33742.0,Honda,,20894.0
2017.0,48524.0,Toyota,Prius,26522.0
2007.0,52490.0,Audi,A3,20756.0
2006.0,149678.0,Toyota,Corolla,12377.0
2016.0,58811.0,BMW,3 Series,24103.0
2009.0,21160.0,BMW,3 Series,20779.0
2016.0,193335.0,,5 Series,15874.0
2020.0,140097.0,Honda,Accord,21632.0
2019.0,110159.0,Ford,Fusion,21297.0
2012.0,176799.0,Honda,Fit,16822.0
2013.0,40940.0,Honda,Civic,24077.0
2009.0,124738.0,,Focus,15200.0
2002.0,20032.0,Honda,Accord,19731.0
2008.0,155519.0,Toyota,Camry,15720.0
2021.0,154765.0,Honda,Civic,20815.0
2010.0,148484.0,BMW,3 Series,17657.0
2002.0,112192.0,Honda,Accord,12500.0
2016.0,25399.0,Toyota,Prius,23380.0
2013.0,88595.0,Audi,A4,21065.0
2004.0,78665.0,BMW,3 Series,15850.0
2016.0,68225.0,BMW,X3,24571.0
2006.0,36845.0,Toyota,Prius,18958.0
2014.0,83864.0,Honda,Fit,20428.0
2015.0,125931.0,Honda,,17995.0
2013.0,80503.0,Toyota,Prius,19552.0
2009.0,19236.0,Honda,Civic,21260.0
2020.0,82092.0,Toyota,Prius,24319.0
2006.0,99063.0,Ford,Fusion,17262.0
2002.0,114435.0,Audi,A3,15289.0
2012.0,3041.0,Audi,A3,22743.0
2003.0,68034.0,BMW,5 Series,15477.0
2001.0,40544.0,Ford,Focus,18045.0
2006.0,8153.0,Toyota,Camry,21527.0
2006.0,73213.0,Ford,Mustang,19376.0
2019.0,96207.0,BMW,X3,24143.0
2012.0,131547.0,Ford,Focus,18451.0
2001.0,38053.0,Honda,Accord,18045.0
2010.0,116175.0,Audi,A4,15981.0
2002.0,113058.0,Audi,A4,13830.0
2014.0,78107.0,Honda,Fit,21741.0
2009.0,186345.0,Audi,A4,13396.0
2018.0,4211.0,Honda,Civic,26828.0
2016.0,122746.0,Ford,Mustang,19462.0
2010.0,108117.0,Ford,Fusion,16785.0
2015.0,181101.0,Honda,Fit,17056.0
2017.0,173791.0,Audi,A4,17450.0
2016.0,38023.0,BMW,3 Series,25064.0
2022.0,51017.0,BMW,5 Series,28160.0
2006.0,129247.0,Toyota,Prius,15547.0
2004.0,36824.0,BMW,3 Series,19972.0
2000.0,92347.0,Honda,Fit,15680.0
2016.0,27195.0,,A4,24786.0
2016.0,110713.0,Ford,Fusion,21345.0
2015.0,114742.0,Ford,Mustang,20013.0
2014.0,156829.0,Toyota,Camry,18122.0
2022.0,23279.0,Honda,Civic,27290.0
2010.0,104172.0,,5 Series,18810.0
2004.0,103841.0,BMW,3 Series,14680.0
2019.0,8372.0,Honda,Civic,27420.0
2010.0,30650.0,Ford,Fusion,22128.0
2015.0,88086.0,Honda,Civic,22391.0
2018.0,24108.0,BMW,3 Series,26384.0
2013.0,185023.0,Audi,A4,15649.0
2005.0,115229.0,Honda,Accord,13304.0
2007.0,67314.0,Ford,Focus,17014.0
2018.0,144530.0,Toyota,Camry,20247.0
2004.0,154279.0,Honda,Accord,13489.0
2019.0,87360.0,BMW,3 Series,25253.0
2015.0,101314.0,Honda,Civic,20068.0
2020.0,178722.0,BMW,3 Series,18215.0
2004.0,175266.0,Ford,Fusion,9754.0
2002.0,48407.0,Audi,Q5,18919.0
2005.0,119001.0,Audi,A4,16879.0
2021.0,164869.0,Ford,Focus,22319.0
2010.0,27218.0,Audi,Q5,20591.0
2021.0,29181.0,Honda,Civic,28784.0
2019.0,47135.0,Toyota,Camry,23795.0
2020.0,172721.0,Ford,Fusion,19345.0
2022.0,191125.0,Honda,Civic,21372.0
2020.0,171395.0,Honda,Civic,18136.0
2006.0,62368.0,Toyota,Prius,17520.0
2004.0,103481.0,BMW,3 Series,15695.0
2013.0,89554.0,Ford,Mustang,19164.0
2005.0,180614.0,Ford,Mustang,11602.0
2003.0,150869.0,Toyota,Corolla,13871.0
2016.0,2086.0,Ford,Fusion,26958.0
2005.0,33478.0,Audi,A3,19507.0
2022.0,117005.0,Audi,Q5,25498.0
2013.0,168444.0,Audi,A4,15588.0
2015.0,77929.0,BMW,X3,22121.0
2013.0,1182.0,Ford,Fusion,23903.0
2012.0,177839.0,Ford,Focus,16310.0
2010.0,58441.0,Toyota,Prius,18762.0
2007.0,198149.0,Toyota,Prius,13538.0
2011.0,46714.0,BMW,5 Series,23546.0
2000.0,47615.0,Honda,Fit,15566.0
2018.0,95283.0,Audi,A3,23697.0
2002.0,194288.0,Honda,Accord,11520.0
2002.0,189497.0,BMW,5 Series,10437.0
2018.0,49417.0,Ford,Focus,23859.0
2022.0,110709.0,,3 Series,24526.0
2015.0,3842.0,BMW,3 Series,24133.0
2007.0,74873.0,BMW,3 Series,17105.0
2007.0,93449.0,Honda,Accord,19187.0
2021.0,18737.0,Audi,,27526.0
2007.0,84883.0,Audi,A4,18017.0
2021.0,161674.0,Honda,Accord,22092.0
2003.0,143418.0,Ford,Fusion,13272.0
2018.0,113292.0,Honda,Civic,20048.0
2011.0,105891.0,BMW,X3,20271.0
2013.0,142803.0,Audi,A3,17520.0
2003.0,57497.0,Audi,Q5,16678.0
2014.0,87135.0,,,19757.0
2002.0,91978.0,Ford,,16178.0
2022.0,90202.0,Toyota,,25332.0
2021.0,25889.0,Honda,Fit,29095.0
2015.0,185900.0,Audi,A4,17831.0
2007.0,174545.0,Ford,,13705.0
2004.0,179978.0,Toyota,Camry,11848.0
2021.0,122911.0,BMW,X3,24367.0
2009.0,182016.0,Ford,Mustang,15363.0
2021.0,158476.0,Audi,A3,22478.0
2006.0,171902.0,Audi,A3,12289.0
2004.0,31603.0,Ford,Focus,19322.0
2009.0,141345.0,Honda,Accord,15917.0
2019.0,39643.0,Honda,Accord,24290.0
2014.0,74572.0,Ford,,20773.0
2001.0,27224.0,Audi,Q5,18100.0
2009.0,185356.0,Honda,Fit,12405.0
2008.0,124354.0,Ford,Mustang,14479.0
2000.0,140570.0,Toyota,Prius,10277.0
2009.0,132197.0,Honda,Accord,16512.0
2007.0,191191.0,BMW,5 Series,10525.0
2015.0,42577.0,,Camry,25354.0
2012.0,75954.0,Honda,Accord,18883.0
2009.0,94876.0,BMW,5 Series,18839.0
2017.0,165963.0,Ford,Focus,18433.0
2009.0,96054.0,Toyota,Camry,19187.0
2016.0,64409.0,Audi,Q5,23973.0
2020.0,95616.0,BMW,3 Series,22507.0
2019.0,171138.0,Ford,,18153.0
2018.0,195171.0,Honda,Fit,15814.0
2013.0,86039.0,Ford,Fusion,21503.0
2007.0,64541.0,Toyota,Corolla,17110.0
2014.0,106855.0,Ford,Focus,19307.0
2021.0,35301.0,BMW,3 Series,28949.0
2016.0,15147.0,Ford,Mustang,24305.0
2003.0,94246.0,Audi,Q5,15990.0
2000.0,186483.0,Honda,Civic,7570.0
2016.0,147093.0,Toyota,Camry,21096.0
2010.0,48798.0,Audi,A3,20583.0
2012.0,169807.0,Toyota,Camry,15646.0
2021.0,53749.0,Honda,Accord,25385.0
2019.0,15623.0,Honda,Fit,29200.0
2004.0,40316.0,Audi,A3,19959.0
2011.0,191514.0,BMW,3 Series,13339.0
2018.0,16407.0,Toyota,Corolla,27919.0
2011.0,190101.0,Toyota,Prius,12586.0
2017.0,57151.0,Honda,Fit,22250.0
2014.0,130426.0,Honda,Accord,17786.0
2008.0,134102.0,Audi,A4,17289.0
2018.0,188281.0,Audi,A4,19800.0
2020.0,9344.0,Honda,Accord,28362.0
2016.0,23867.0,BMW,3 Series,25542.0
2019.0,52252.0,Audi,A3,26951.0
2020.0,183214.0,Ford,Fusion,19253.0
2007.0,47119.0,Honda,Fit,19229.0
2020.0,1311.0,Audi,A3,26997.0
2009.0,118093.0,Honda,Accord,16827.0
2019.0,196305.0,Honda,Fit,16341.0
2001.0,135433.0,Toyota,Prius,13334.0
2021.0,171806.0,,X3,19849.0
2007.0,79378.0,BMW,3 Series,18249.0
2019.0,75925.0,Ford,Mustang,23482.0
2018.0,197582.0,Audi,A3,17576.0
2004.0,57001.0,Toyota,Prius,19434.0
2013.0,43257.0,Ford,Fusion,24237.0
2008.0,157314.0,Toyota,Corolla,15358.0
2005.0,187780.0,Ford,Fusion,12423.0
2004.0,14315.0,BMW,3 Series,21607.0
2014.0,16207.0,BMW,X3,22956.0
2004.0,93692.0,Audi,A3,13980.0
2022.0,9058.0,Honda,Fit,28708.0
2011.0,44514.0,BMW,3 Series,22031.0
2013.0,83700.0,Ford,Fusion,22584.0
2014.0,4325.0,Honda,Accord,24697.0
2011.0,18387.0,,Corolla,22873.0
2014.0,195505.0,,Prius,15786.0
2020.0,196691.0,,3 Series,17436.0
2006.0,47937.0,Toyota,Corolla,19642.0
2017.0,29272.0,Ford,Focus,25427.0
2002.0,149589.0,Ford,Focus,13260.0
2022.0,55774.0,Ford,Fusion,27352.0
2007.0,69186.0,BMW,X3,17766.0
2012.0,92431.0,BMW,3 Series,19263.0
2011.0,176549.0,BMW,5 Series,15227.0
2010.0,43234.0,Toyota,Camry,19492.0
2009.0,148755.0,Toyota,Prius,16004.0
2013.0,188697.0,Audi,A4,14225.0
2005.0,77640.0,Toyota,Corolla,17264.0
2014.0,63975.0,Ford,Mustang,21514.0
2005.0,23877.0,Toyota,Camry,19622.0
2009.0,130780.0,Ford,Fusion,16408.0
2002.0,19384.0,BMW,5 Series,19234.0
2016.0,191899.0,Toyota,Prius,17380.0
2015.0,134712.0,BMW,X3,20136.0
2001.0,63967.0,Honda,Civic,16189.0
2022.0,57239.0,BMW,3 Series,25624.0
2010.0,195148.0,Audi,A3,11850.0
2022.0,49339.0,Toyota,Camry,27350.0
2002.0,94699.0,Audi,A4,13694.0
2004.0,164929.0,Audi,,11316.0
2007.0,39104.0,Toyota,Prius,18466.0
2021.0,13574.0,BMW,X3,28041.0
2013.0,34009.0,BMW,X3,25092.0
2007.0,8796.0,Honda,Accord,19772.0
2021.0,566.0,Audi,Q5,28307.0
2009.0,165712.0,Ford,Mustang,12772.0
2008.0,101180.0,Audi,A4,16667.0
2019.0,117895.0,Ford,Mustang,23341.0
2011.0,61193.0,BMW,3 Series,19596.0
2002.0,199031.0,BMW,,10925.0
2017.0,125170.0,BMW,X3,22234.0
2016.0,198795.0,Ford,Focus,14890.0
2002.0,198555.0,Audi,Q5,10841.0
2021.0,114505.0,Toyota,Camry,21306.0
2021.0,970.0,Toyota,Camry,28129.0
2004.0,125082.0,Toyota,Corolla,14688.0
2004.0,192296.0,Ford,Focus,12500.0
2009.0,90289.0,Honda,Fit,17763.0
2001.0,126554.0,Toyota,Camry,13576.0
2014.0,192171.0,Ford,Fusion,14386.0
2010.0,90321.0,Honda,Civic,17397.0
2004.0,113728.0,Ford,Focus,16366.0
2009.0,67148.0,Audi,A4,18173.0
2011.0,53746.0,Ford,Focus,22053.0
2002.0,70114.0,Toyota,Camry,14868.0
2015.0,74532.0,Toyota,Corolla,21296.0
2011.0,34849.0,Honda,Civic,23382.0
2000.0,89125.0,,Prius,12417.0
2021.0,29235.0,BMW,3 Series,29097.0
2017.0,20558.0,Ford,Fusion,27293.0
2011.0,95390.0,Honda,Fit,20855.0
2003.0,30993.0,Honda,Civic,17738.0
2003.0,186720.0,Honda,,9741.0
2009.0,141009.0,Honda,Fit,16837.0
2002.0,80687.0,Honda,Accord,15520.0
2007.0,143446.0,Honda,Fit,14743.0
2016.0,24676.0,Ford,Focus,25608.0
2021.0,167677.0,Ford,Mustang,21732.0
2022.0,155086.0,BMW,3 Series,21940.0
2008.0,111311.0,,Corolla,16688.0
2001.0,123474.0,Audi,A4,11047.0
2007.0,134986.0,Toyota,Camry,14514.0
2021.0,59142.0,Honda,Civic,25640.0
2014.0,185780.0,Honda,Fit,18138.0
2021.0,8550.0,Toyota,,27983.0
2017.0,188963.0,BMW,5 Series,16434.0
2022.0,162791.0,Audi,A3,21595.0
2002.0,19414.0,Ford,Focus,20083.0
2016.0,39863.0,BMW,5 Series,22982.0
2012.0,21587.0,Honda,Civic,22900.0
2016.0,171402.0,BMW,3 Series,16591.0
2011.0,193471.0,,Accord,16047.0
2004.0,100237.0,Toyota,Prius,14947.0
2018.0,162123.0,,Fusion,18905.0
2017.0,115133.0,BMW,3 Series,19934.0
2013.0,111715.0,Toyota,Camry,21189.0
2010.0,100974.0,Honda,Fit,17324.0
2012.0,1302.0,Honda,Accord,23071.0
2002.0,117044.0,BMW,3 Series,14184.0
2003.0,39557.0,BMW,,19387.0
2009.0,140958.0,Toyota,Corolla,15538.0
2018.0,107488.0,Ford,Fusion,21754.0
2013.0,6997.0,Audi,A3,23982.0
2017.0,86948.0,BMW,X3,23040.0
2015.0,161622.0,Toyota,Prius,19915.0
2007.0,110421.0,Honda,Civic,16719.0
2003.0,28849.0,Honda,Accord,18378.0
2021.0,166200.0,Ford,Focus,22469.0
2006.0,140338.0,BMW,3 Series,14788.0
2020.0,136497.0,Audi,Q5,20110.0
2014.0,191393.0,Toyota,Camry,17180.0
2015.0,188392.0,Honda,Fit,15101.0
2016.0,51764.0,Ford,Fusion,25486.0
2005.0,121940.0,Audi,A3,16732.0
2022.0,127199.0,Honda,Civic,24116.0
2009.0,88851.0,Audi,A4,20215.0
2009.0,90465.0,Honda,Civic,18159.0
2021.0,2209.0,Honda,Civic,27490.0
2022.0,107762.0,Toyota,Camry,25809.0
2008.0,114986.0,Audi,Q5,16838.0
2001.0,127194.0,Audi,A3,11730.0
2010.0,165608.0,Honda,Accord,14934.0
2011.0,181417.0,Honda,Civic,15770.0
2011.0,24068.0,,Q5,23736.0
2014.0,127474.0,Audi,A4,17401.0
2015.0,111085.0,Toyota,Camry,22125.0
2000.0,43342.0,Ford,Mustang,15665.0
2014.0,55285.0,Ford,Focus,22663.0
2006.0,68599.0,Honda,Civic,17648.0
2010.0,93367.0,Honda,Accord,19940.0
2015.0,45787.0,Toyota,Corolla,23668.0
2001.0,119823.0,Audi,A3,12060.0
2019.0,55768.0,Ford,Fusion,26822.0
2009.0,149542.0,Toyota,Camry,17153.0
2010.0,10878.0,BMW,3 Series,21605.0
2001.0,74424.0,BMW,,13438.0
2009.0,13568.0,Ford,Focus,22233.0
2019.0,171976.0,Audi,Q5,19771.0
2011.0,68254.0,Audi,A4,21561.0
2000.0,18059.0,Ford,,16962.0
2003.0,25261.0,BMW,X3,19050.0
2016.0,95162.0,Honda,Accord,21863.0
2009.0,120018.0,Audi,A4,17470.0
2017.0,93738.0,BMW,X3,22242.0
2017.0,174845.0,Ford,Fusion,17458.0
2020.0,147175.0,BMW,X3,21316.0
2009.0,50597.0,Ford,Fusion,21888.0
2002.0,75886.0,,,17081.0
2010.0,142700.0,Audi,A3,17458.0
2010.0,173229.0,BMW,X3,16305.0
2001.0,137684.0,,A4,13230.0
2004.0,18240.0,BMW,X3,19161.0
2009.0,78138.0,Ford,Mustang,18100.0
2000.0,50399.0,BMW,5 Series,17195.0
2005.0,112570.0,Toyota,Camry,16228.0
2019.0,102643.0,Audi,A3,23910.0
2012.0,10935.0,Audi,A3,21981.0
2022.0,172719.0,Honda,Fit,20581.0
2004.0,185319.0,Ford,Focus,11583.0
2017.0,1122.0,BMW,X3,27391.0
2007.0,77064.0,Honda,Fit,17530.0
2014.0,122489.0,Toyota,Camry,17935.0
2019.0,60610.0,BMW,X3,24603.0
2014.0,181640.0,BMW,X3,17448.0
2020.0,36706.0,Toyota,Corolla,27654.0
2012.0,104028.0,Ford,Focus,21156.0
2019.0,188479.0,Toyota,Camry,19513.0
2004.0,41003.0,Audi,A4,20267.0
2020.0,160743.0,Honda,Civic,20233.0
2015.0,16248.0,Honda,Civic,23486.0
2010.0,86018.0,Ford,Focus,20071.0
2005.0,177964.0,Toyota,Prius,14009.0
2018.0,149189.0,BMW,3 Series,19520.0
2007.0,117713.0,Audi,A3,14751.0
2021.0,122117.0,Audi,Q5,22842.0
2009.0,78837.0,,Mustang,20157.0
2018.0,78089.0,Toyota,Prius,23780.0
2017.0,158548.0,Toyota,Camry,17664.0
2021.0,97800.0,Ford,Fusion,25179.0
2020.0,107162.0,BMW,X3,24954.0
2013.0,162708.0,Honda,Civic,16528.0
2014.0,173800.0,Toyota,Prius,17872.0
2007.0,137122.0,Ford,Fusion,14949.0
2009.0,115925.0,Ford,Fusion,15921.0
2003.0,64075.0,BMW,X3,17949.0
2011.0,159438.0,Audi,A4,16706.0
2013.0,52434.0,Honda,Civic,21407.0
2008.0,10736.0,Ford,Mustang,23550.0
2002.0,115874.0,BMW,X3,13837.0
2008.0,47941.0,Audi,A4,20788.0
2022.0,121135.0,Honda,Civic,24222.0
2005.0,171950.0,Audi,A4,11109.0
2003.0,162988.0,Ford,Fusion,12957.0
2021.0,80567.0,BMW,,25292.0
2016.0,11832.0,Toyota,Prius,24561.0
2022.0,15055.0,Honda,Civic,29954.0
2003.0,168625.0,Ford,Mustang,13362.0
2020.0,150136.0,BMW,3 Series,19856.0
2008.0,50092.0,Toyota,Prius,20141.0
2014.0,174669.0,Honda,Civic,15321.0
2002.0,127845.0,Honda,Civic,14411.0
2000.0,76489.0,Ford,Mustang,15648.0
2003.0,99121.0,Ford,Focus,14307.0
2004.0,114684.0,BMW,3 Series,14681.0
2007.0,92048.0,BMW,X3,18215.0
2012.0,195648.0,Audi,Q5,14340.0
2019.0,99120.0,Audi,A3,22666.0
2017.0,162913.0,BMW,3 Series,19389.0
2009.0,185143.0,BMW,X3,11903.0
2018.0,158595.0,Honda,Fit,20122.0
2019.0,181039.0,Ford,Mustang,20300.0
2000.0,112407.0,BMW,5 Series,13258.0
2011.0,194721.0,BMW,X3,15391.0
2003.0,111571.0,Audi,Q5,15147.0
2005.0,58378.0,,,16588.0
2017.0,74516.0,,A3,21734.0
2018.0,165006.0,BMW,X3,17621.0
2003.0,98791.0,Toyota,Camry,15723.0
2001.0,114913.0,,Accord,13579.0
2007.0,22226.0,,Corolla,20386.0
2011.0,125893.0,Ford,Mustang,19611.0
2010.0,115108.0,Audi,A4,16807.0
2016.0,25864.0,BMW,5 Series,23370.0
2005.0,64290.0,Toyota,Prius,17051.0
2022.0,198745.0,Audi,A4,19853.0
2010.0,31915.0,Toyota,Corolla,23015.0
2012.0,81479.0,Ford,Fusion,18709.0
2006.0,176073.0,Honda,Civic,12290.0
2005.0,115354.0,Honda,Fit,14864.0
2014.0,33202.0,BMW,3 Series,23508.0
2011.0,150218.0,Honda,Accord,18072.0
2005.0,155221.0,BMW,5 Series,13372.0
2021.0,136931.0,Audi,A3,23261.0
2013.0,15986.0,Honda,Accord,24825.0
2016.0,101845.0,Ford,,21920.0
2003.0,168324.0,Ford,Mustang,9592.0
2013.0,51761.0,Audi,Q5,22847.0
2016.0,4148.0,Ford,Mustang,27346.0
2005.0,49894.0,Toyota,Corolla,18542.0
2002.0,165824.0,Toyota,Prius,12828.0
2003.0,70888.0,Toyota,Corolla,16587.0
2003.0,90234.0,Honda,Fit,15115.0
2001.0,122801.0,Toyota,,11640.0
2016.0,175475.0,Audi,A4,18706.0
2017.0,15323.0,Ford,Mustang,26556.0
2008.0,17236.0,Ford,Fusion,22025.0
2002.0,25833.0,Toyota,Corolla,17581.0
2019.0,3057.0,Honda,Fit,27200.0
2018.0,89303.0,Ford,Mustang,21807.0
2007.0,117116.0,Ford,Focus,16596.0
2015.0,5426.0,Honda,Accord,26770.0
2017.0,144390.0,Audi,A3,17866.0
2013.0,50166.0,Ford,Focus,22162.0
2004.0,25603.0,BMW,3 Series,19553.0
2012.0,131830.0,Audi,Q5,19588.0
2011.0,32750.0,Ford,Fusion,22622.0
2001.0,39161.0,Audi,A4,17084.0
2001.0,101339.0,Honda,Fit,12420.0
2014.0,167382.0,Audi,A3,18793.0
2005.0,84715.0,Ford,Focus,15334.0
2004.0,187373.0,Toyota,Camry,11506.0
2012.0,170245.0,Ford,Focus,14485.0
2015.0,72691.0,Ford,Fusion,20645.0
2011.0,88897.0,Ford,Focus,20078.0
2003.0,110902.0,Ford,Focus,12586.0
2020.0,17884.0,Honda,Fit,27320.0
2008.0,17394.0,Honda,Fit,21718.0
2004.0,124173.0,Toyota,Corolla,15198.0
2016.0,91995.0,Honda,Accord,21749.0
2018.0,74093.0,Honda,Civic,25697.0
2015.0,128577.0,Audi,A3,17818.0
2004.0,70268.0,Toyota,Camry,18175.0
2017.0,145458.0,Honda,Fit,19395.0
2004.0,162570.0,BMW,3 Series,10593.0
2002.0,19248.0,BMW,3 Series,18295.0
2009.0,162297.0,Ford,Focus,13974.0
2005.0,65748.0,Honda,Accord,16709.0
2007.0,151130.0,Honda,Fit,12445.0
2019.0,149322.0,Toyota,Prius,19654.0
2017.0,50252.0,,5 Series,23331.0
2001.0,174665.0,BMW,X3,9445.0
2021.0,62971.0,Audi,,26152.0
2009.0,186540.0,Toyota,Camry,12770.0
2014.0,144450.0,BMW,5 Series,18685.0
2011.0,4906.0,Honda,Civic,22338.0
2007.0,198092.0,Toyota,Prius,11348.0
2012.0,14810.0,Audi,Q5,22016.0
2012.0,95133.0,BMW,3 Series,21531.0
2021.0,57142.0,Honda,Accord,27086.0
2006.0,47909.0,Honda,Accord,20613.0
2003.0,39772.0,Ford,Fusion,18126.0
2015.0,111557.0,Audi,A4,18802.0
2006.0,15868.0,BMW,3 Series,20667.0
2021.0,84232.0,Honda,Fit,23330.0
2007.0,92642.0,Honda,,18412.0
2009.0,1987.0,BMW,,23330.0
2016.0,90591.0,BMW,3 Series,20064.0
2007.0,99750.0,Audi,A3,15514.0
2004.0,140598.0,Audi,A3,14608.0
2014.0,113722.0,BMW,,21041.0
2021.0,198886.0,Honda,Fit,18181.0
2019.0,131496.0,Toyota,Camry,22558.0
2012.0,134603.0,Audi,A3,19515.0
2004.0,53473.0,Ford,Fusion,17666.0
2011.0,55251.0,Toyota,Camry,22552.0
2003.0,198944.0,Honda,Fit,11091.0
2002.0,97972.0,Ford,Mustang,15367.0
2003.0,163670.0,Honda,Accord,12581.0
2019.0,34734.0,Honda,Fit,24391.0
2003.0,40553.0,BMW,,17492.0
2008.0,122944.0,Toyota,Camry,14528.0
2018.0,48245.0,Audi,A4,23466.0
2014.0,5746.0,Toyota,Camry,26706.0
2000.0,77202.0,Toyota,,14464.0
2019.0,138808.0,Audi,A4,20097.0
2013.0,186127.0,Toyota,Corolla,16752.0
2020.0,193856.0,,Fusion,17309.0
2015.0,195065.0,Audi,Q5,17816.0
2009.0,78399.0,BMW,3 Series,19468.0
2014.0,38352.0,BMW,,22433.0
2003.0,142129.0,Ford,Mustang,11263.0
2020.0,32408.0,Toyota,Prius,26739.0
2010.0,46539.0,Audi,A3,20329.0
2012.0,159273.0,Ford,Mustang,14556.0
2008.0,148813.0,Ford,Mustang,14018.0
2020.0,176628.0,Toyota,Corolla,19132.0
2016.0,86077.0,,Fit,20469.0
2007.0,153772.0,Toyota,,13253.0
2014.0,140419.0,Toyota,Prius,17266.0
2006.0,141607.0,Ford,Focus,15655.0
2001.0,186623.0,Ford,Focus,9906.0
2016.0,177349.0,Honda,Civic,17105.0
2013.0,4531.0,Ford,,25133.0
2016.0,30796.0,Audi,A3,26488.0
2011.0,178728.0,,Camry,16651.0
2018.0,19722.0,Toyota,,28353.0
2003.0,92698.0,Audi,Q5,17312.0
2002.0,183901.0,,A3,12060.0
2019.0,188809.0,Ford,Mustang,18865.0
2012.0,166127.0,Honda,Accord,18141.0
2022.0,35811.0,Toyota,Prius,29387.0
2018.0,191645.0,Ford,Focus,19168.0
2008.0,197284.0,Toyota,Corolla,13217.0
2002.0,157078.0,Ford,Mustang,13087.0
2021.0,103431.0,Toyota,Prius,23003.0
2004.0,105511.0,BMW,5 Series,13847.0
2020.0,64354.0,Toyota,Prius,25544.0
2005.0,132257.0,Ford,Fusion,14054.0
2019.0,62874.0,Ford,,26048.0
2005.0,99642.0,Honda,,15790.0
2011.0,115240.0,Toyota,Corolla,18243.0
2002.0,9165.0,Honda,Civic,19126.0
2000.0,149622.0,Audi,A4,9948.0
2005.0,140982.0,Audi,A3,13260.0
2014.0,165650.0,Ford,,15977.0
2020.0,147468.0,,3 Series,21730.0
2020.0,87113.0,Toyota,Corolla,25670.0
2006.0,35967.0,BMW,5 Series,19184.0
2007.0,146849.0,Honda,Fit,13634.0
2015.0,58706.0,Honda,Accord,23423.0
2000.0,124711.0,,Mustang,14171.0
2004.0,38966.0,Audi,A4,19612.0
2001.0,138414.0,Ford,Fusion,12537.0
2014.0,73632.0,Ford,Focus,22768.0
2004.0,37867.0,Honda,Accord,19581.0
2011.0,79283.0,Honda,Fit,19829.0
2004.0,31329.0,Honda,Accord,18159.0
2008.0,173088.0,Ford,Mustang,12030.0
2004.0,8035.0,BMW,5 Series,20862.0
2014.0,12791.0,Honda,Civic,26179.0
2021.0,25266.0,Ford,Mustang,26502.0
2022.0,21522.0,Honda,Accord,26461.0
2020.0,44074.0,Toyota,Prius,25789.0
2004.0,14742.0,Audi,A3,17970.0
2009.0,181673.0,Toyota,Camry,11997.0
2006.0,150052.0,Ford,Fusion,14189.0
2009.0,165391.0,BMW,X3,15455.0
2004.0,173145.0,Honda,Fit,11588.0
2000.0,118542.0,Honda,Accord,13871.0
2016.0,52070.0,Audi,A3,25356.0
2008.0,28512.0,Honda,Accord,21356.0
2009.0,40531.0,BMW,3 Series,19324.0
2004.0,23428.0,Honda,Civic,18254.0
2013.0,112296.0,Ford,Mustang,19312.0
2008.0,929.0,Toyota,Prius,24170.0
2015.0,86353.0,,Fit,23162.0
2001.0,18405.0,Toyota,Corolla,16634.0
2021.0,107849.0,,Fit,23762.0
2002.0,92713.0,,Prius,14545.0
2014.0,190254.0,Ford,Mustang,17478.0
2004.0,23560.0,Honda,Accord,19403.0
2016.0,138788.0,BMW,5 Series,19877.0
2001.0,193753.0,,,8420.0
2022.0,108776.0,Audi,Q5,25276.0
2019.0,2741.0,BMW,X3,29295.0
2005.0,74807.0,,Focus,16679.0
2019.0,143726.0,Honda,Accord,22344.0
2022.0,149001.0,Audi,Q5,20876.0
2006.0,100257.0,Honda,Fit,15001.0
2017.0,119415.0,Honda,Civic,19474.0
2016.0,10738.0,BMW,3 Series,26122.0
2001.0,72214.0,Toyota,Corolla,14591.0
2008.0,29039.0,Honda,Accord,19781.0
2016.0,38958.0,BMW,5 Series,25782.0
2011.0,63574.0,Honda,Accord,22374.0
2017.0,50441.0,Ford,Mustang,22538.0
2020.0,49436.0,Ford,Fusion,24578.0
2012.0,112553.0,BMW,5 Series,17012.0
2000.0,167937.0,BMW,3 Series,11860.0
2009.0,5792.0,Honda,Civic,23797.0
2008.0,13211.0,Audi,Q5,20207.0
2013.0,74889.0,Audi,A3,19592.0
2021.0,184209.0,Ford,Mustang,20047.0
2007.0,193698.0,Audi,Q5,13894.0
2021.0,66545.0,Toyota,Camry,24294.0
2020.0,96506.0,Ford,Focus,24058.0
2006.0,38195.0,BMW,3 Series,18135.0
2020.0,111201.0,Audi,A4,23664.0
2013.0,148425.0,BMW,X3,16567.0
2016.0,14485.0,Toyota,Camry,24148.0
2009.0,97729.0,Toyota,Prius,17853.0
2009.0,8707.0,Honda,Civic,23903.0
2006.0,105690.0,Ford,Fusion,15329.0
2022.0,25330.0,BMW,X3,26840.0
2008.0,2779.0,Honda,Accord,23880.0
2019.0,38643.0,BMW,X3,27203.0
2007.0,172304.0,BMW,X3,14050.0
2013.0,179572.0,Audi,A3,17226.0
2006.0,127822.0,Ford,Mustang,16808.0
2000.0,41284.0,Audi,Q5,18040.0
2016.0,130156.0,BMW,X3,21269.0
2016.0,43629.0,BMW,3 Series,22613.0
2010.0,146479.0,Honda,Fit,17299.0
2011.0,120932.0,BMW,X3,19765.0
2016.0,27840.0,Honda,Civic,25282.0
2003.0,141955.0,BMW,X3,13865.0
2013.0,163347.0,Honda,Accord,15590.0
2003.0,156992.0,Ford,Focus,10657.0
2007.0,45077.0,Honda,Fit,20084.0
2005.0,53116.0,Ford,Mustang,16443.0
2022.0,157951.0,Audi,Q5,22080.0
2020.0,35063.0,Honda,Civic,25500.0
2009.0,122085.0,Ford,Mustang,17111.0
2001.0,163831.0,Honda,Fit,11108.0
2011.0,11183.0,Audi,A3,25308.0
2000.0,96651.0,Honda,Civic,13830.0
2012.0,56960.0,Honda,Civic,21273.0
2010.0,76639.0,Audi,A3,17698.0
2007.0,93378.0,BMW,5 Series,16099.0
2020.0,40020.0,Ford,Mustang,28137.0
2005.0,96720.0,Toyota,Corolla,15451.0
2018.0,122095.0,Honda,Fit,20712.0
2010.0,23034.0,Ford,Mustang,22562.0
2005.0,58335.0,BMW,5 Series,18960.0
2018.0,136926.0,Honda,Accord,19291.0
2020.0,74558.0,Toyota,Camry,25061.0
2011.0,151230.0,Toyota,Prius,17204.0
2008.0,186448.0,BMW,3 Series,13019.0
2009.0,19478.0,Toyota,Camry,21352.0
2004.0,48413.0,Audi,Q5,18407.0
2001.0,79812.0,,Fusion,14578.0
2018.0,190303.0,Ford,Mustang,19222.0
2002.0,167991.0,Audi,A4,12917.0
2010.0,71113.0,Ford,Mustang,18311.0
2018.0,21612.0,Toyota,Camry,25984.0
2011.0,34550.0,Toyota,Prius,23461.0
2019.0,173091.0,Honda,Fit,20096.0
2007.0,138683.0,Honda,Accord,15643.0
2006.0,105859.0,Audi,A4,17949.0
2015.0,120210.0,Ford,Focus,19026.0
2000.0,172208.0,Ford,Focus,9818.0
2009.0,147826.0,BMW,3 Series,14679.0
2009.0,131194.0,Honda,Civic,15991.0
2018.0,76183.0,Toyota,Prius,24275.0
2008.0,193348.0,BMW,5 Series,12030.0
2010.0,125544.0,Ford,Focus,17291.0
2011.0,95377.0,BMW,X3,20161.0
2006.0,109376.0,BMW,3 Series,15297.0
2000.0,94807.0,Toyota,Prius,14671.0
2018.0,151001.0,Toyota,Corolla,21715.0
2010.0,195199.0,Honda,Fit,13467.0
2019.0,14082.0,BMW,3 Series,26553.0
2021.0,79780.0,Ford,Mustang,25408.0
2009.0,22317.0,Honda,Fit,21166.0
2020.0,26308.0,Toyota,Corolla,28662.0
2012.0,110668.0,Audi,A4,18136.0
2014.0,51034.0,Audi,,22872.0
2020.0,143416.0,Toyota,Camry,19907.0
2012.0,186174.0,Ford,Focus,14152.0
2015.0,43454.0,Toyota,Corolla,24291.0
2010.0,169038.0,Ford,Focus,13501.0
2002.0,146842.0,Audi,Q5,10659.0
2012.0,173615.0,Honda,Accord,15494.0
2002.0,42223.0,Toyota,Prius,19001.0
2015.0,45985.0,BMW,3 Series,24086.0
2003.0,137967.0,Honda,Accord,13522.0
2001.0,165520.0,Ford,Focus,12107.0
2019.0,90598.0,BMW,3 Series,22473.0
2004.0,168771.0,Audi,Q5,11429.0
2021.0,158807.0,Toyota,Prius,22819.0
2006.0,12426.0,BMW,3 Series,21138.0
2011.0,42454.0,Toyota,Prius,23643.0
2009.0,23593.0,BMW,3 Series,23172.0
2013.0,104100.0,Honda,Fit,19881.0
2003.0,44813.0,BMW,5 Series,18122.0
2008.0,38364.0,Ford,Fusion,20821.0
2021.0,41022.0,BMW,X3,25691.0
2001.0,182517.0,Ford,Mustang,8214.0
2013.0,185592.0,Honda,Fit,14309.0
2017.0,55692.0,Toyota,Camry,23144.0
2000.0,65560.0,Audi,A3,16832.0
2012.0,136063.0,Honda,Fit,16132.0
2009.0,16923.0,Honda,Accord,22761.0
2013.0,112594.0,Audi,Q5,19308.0
2022.0,176468.0,Audi,A4,19193.0
2007.0,18752.0,Toyota,Prius,20959.0
2019.0,166299.0,Toyota,Prius,20969.0
2012.0,42342.0,Honda,Accord,23151.0
2005.0,79837.0,Honda,Fit,15935.0
2006.0,159222.0,Ford,Focus,14560.0
2002.0,135649.0,Audi,,12622.0
2008.0,25996.0,Audi,A3,21461.0
2022.0,197042.0,Ford,Mustang,19847.0
2021.0,8707.0,Ford,Focus,28039.0
2015.0,57446.0,BMW,5 Series,23327.0
2014.0,106192.0,Audi,A3,18215.0
2016.0,173425.0,Honda,,18231.0
2012.0,171195.0,Honda,Fit,15302.0
2011.0,84245.0,Toyota,Corolla,21732.0
2013.0,122480.0,Ford,Mustang,18005.0
2018.0,184801.0,BMW,X3,20142.0
2001.0,156872.0,Audi,Q5,12126.0
2004.0,80236.0,Honda,Fit,14746.0
2016.0,20733.0,Honda,Fit,25167.0
2003.0,184176.0,Ford,Focus,11958.0
2007.0,139613.0,Audi,Q5,15913.0
2015.0,116639.0,Audi,A4,20960.0
2013.0,111296.0,Ford,Fusion,18834.0
2003.0,76043.0,Honda,Civic,14618.0
2013.0,114150.0,Honda,Civic,19476.0
2018.0,128019.0,Ford,Mustang,21487.0
2022.0,133189.0,Audi,A3,22470.0
2001.0,15515.0,Honda,Accord,17122.0
2006.0,86998.0,BMW,X3,16969.0
2001.0,107476.0,Ford,Focus,14936.0
2005.0,4473.0,Toyota,Camry,18987.0
2014.0,164408.0,,Mustang,16347.0
2020.0,84428.0,Audi,Q5,25107.0
2009.0,137322.0,BMW,3 Series,14697.0
2021.0,167240.0,Audi,A3,20198.0
2015.0,20723.0,BMW,X3,26825.0
2021.0,91977.0,Ford,Focus,24234.0
2000.0,158662.0,Toyota,Corolla,12243.0
2002.0,91721.0,Audi,Q5,14566.0
2017.0,103578.0,Audi,A4,20429.0
2012.0,8553.0,Honda,Fit,23427.0
2009.0,99278.0,Audi,Q5,19225.0
2006.0,8212.0,Ford,Fusion,21809.0
2002.0,19010.0,Audi,A3,19887.0
2012.0,35011.0,Ford,Fusion,24132.0
2003.0,195257.0,BMW,X3,9129.0
2016.0,178164.0,Ford,Focus,16197.0
2013.0,136641.0,Audi,A4,18139.0
2022.0,51134.0,Honda,Accord,28619.0
2003.0,143796.0,Ford,Fusion,11240.0
2001.0,6851.0,Audi,A4,19905.0
2019.0,23828.0,Ford,Mustang,26323.0
2009.0,147496.0,Audi,Q5,14464.0
2018.0,117218.0,BMW,X3,23572.0
2016.0,9981.0,Toyota,Camry,25151.0
2008.0,186575.0,Ford,Mustang,12903.0
2016.0,5242.0,Toyota,Prius,27264.0
2004.0,54567.0,Ford,Mustang,16592.0
2001.0,86624.0,Audi,A3,13536.0
2014.0,45995.0,Honda,Fit,21561.0
2019.0,154439.0,Audi,,21159.0
2011.0,58240.0,Ford,Focus,21590.0
2007.0,115158.0,Audi,Q5,16601.0
2006.0,18469.0,Audi,Q5,21355.0
2007.0,17554.0,Ford,Fusion,23063.0
2011.0,2312.0,Audi,A4,22178.0
2003.0,124441.0,Ford,Fusion,14452.0
2016.0,171203.0,Ford,Mustang,19346.0
2012.0,121088.0,Ford,Mustang,18309.0
2019.0,134987.0,Honda,Accord,23131.0
2017.0,18903.0,Audi,Q5,26046.0
2012.0,32279.0,Toyota,Camry,21084.0
2000.0,151133.0,BMW,X3,12264.0
2008.0,171416.0,Audi,A3,15476.0
2009.0,168828.0,BMW,X3,14289.0
2017.0,104785.0,BMW,3 Series,20133.0
2018.0,47726.0,Ford,Fusion,25747.0
2000.0,5603.0,Ford,Focus,16675.0
2004.0,23007.0,Honda,Civic,19593.0
2021.0,55920.0,Honda,Civic,26534.0
2011.0,102607.0,Honda,Fit,19427.0
2001.0,5087.0,Toyota,Prius,20343.0
2005.0,71242.0,Audi,A4,15834.0
2005.0,152092.0,,Mustang,11888.0
2020.0,180454.0,BMW,3 Series,20211.0
2002.0,12072.0,BMW,5 Series,18974.0
2021.0,64255.0,Ford,Fusion,26212.0
2008.0,30310.0,Toyota,Camry,19869.0
2002.0,47666.0,BMW,5 Series,16700.0
2009.0,168587.0,Audi,A3,15725.0
2001.0,196211.0,Audi,A4,7718.0
2007.0,123391.0,Ford,Fusion,17157.0
2021.0,180905.0,Honda,Fit,18815.0
2004.0,131607.0,BMW,5 Series,13251.0
2021.0,57248.0,Toyota,Prius,24991.0
2006.0,195302.0,Honda,Fit,11275.0
2014.0,24532.0,,Mustang,26030.0
2013.0,79629.0,BMW,5 Series,20062.0
2019.0,82761.0,,Fusion,22639.0
2009.0,125775.0,BMW,5 Series,18066.0
2005.0,151623.0,Toyota,Camry,11945.0
2008.0,90288.0,,Camry,17993.0
2017.0,138197.0,BMW,,18424.0
2005.0,151922.0,Toyota,Camry,11634.0
2003.0,59987.0,Toyota,Corolla,15937.0
2019.0,101092.0,Audi,A4,22313.0
2021.0,81165.0,Toyota,Prius,23891.0
2014.0,122587.0,Audi,Q5,20576.0
2009.0,126664.0,BMW,5 Series,15187.0
2000.0,120633.0,Ford,Mustang,14146.0
2010.0,56167.0,Audi,A3,21408.0
2013.0,46771.0,Honda,Accord,21186.0
2001.0,62540.0,Ford,Focus,15349.0
2000.0,41059.0,Audi,A3,14757.0
2006.0,192104.0,Audi,A3,10875.0
2005.0,136348.0,Toyota,Corolla,12654.0
2001.0,109228.0,Audi,Q5,12313.0
2006.0,160578.0,BMW,5 Series,14621.0
2019.0,140742.0,Honda,Accord,20795.0
2002.0,134562.0,Honda,Fit,13698.0
2018.0,126443.0,Audi,A3,20076.0
2016.0,153007.0,Honda,Accord,18285.0
2008.0,122547.0,BMW,X3,14653.0
2005.0,111457.0,BMW,,16638.0
2017.0,198871.0,Honda,Civic,17553.0
2014.0,196375.0,Honda,Fit,17117.0
2008.0,27257.0,Honda,Accord,19527.0
2008.0,55439.0,BMW,3 Series,17752.0
2011.0,71657.0,Audi,Q5,19143.0
2003.0,16166.0,BMW,X3,21111.0
2011.0,97593.0,Honda,Fit,18805.0
2002.0,82304.0,Audi,Q5,16829.0
2015.0,115556.0,Honda,Civic,21387.0
2019.0,32042.0,Ford,Fusion,27473.0
2000.0,132447.0,Toyota,Camry,12503.0
2013.0,79070.0,Ford,Mustang,19121.0
2021.0,17823.0,Audi,A3,29537.0
2021.0,47522.0,Honda,Accord,27739.0
2009.0,169774.0,Toyota,Prius,13517.0
2004.0,7762.0,Ford,Focus,19720.0
2013.0,190923.0,BMW,5 Series,15543.0
2012.0,3386.0,BMW,X3,24016.0
2009.0,156956.0,Toyota,Camry,15666.0
2001.0,166232.0,BMW,X3,9867.0
2006.0,136999.0,Audi,Q5,15992.0
2015.0,173437.0,Audi,A3,16075.0
2006.0,45024.0,Ford,Fusion,18237.0
2012.0,25742.0,Audi,A3,24677.0
2017.0,84666.0,Ford,Focus,23968.0
2019.0,167162.0,Audi,A4,20967.0
2001.0,87777.0,Toyota,Prius,13976.0
2021.0,9472.0,Toyota,Corolla,28926.0
2014.0,57144.0,Ford,Focus,24528.0
2020.0,138048.0,Honda,Accord,21490.0
2001.0,22933.0,Audi,A4,19030.0
2020.0,143728.0,Honda,Accord,20722.0
2021.0,75784.0,Toyota,Camry,24963.0
2002.0,159882.0,Audi,A4,12190.0
2008.0,24818.0,Ford,Focus,19346.0
2021.0,91155.0,Audi,A3,24945.0
2007.0,142895.0,Toyota,Camry,15179.0
2021.0,73722.0,BMW,X3,24595.0
2022.0,85918.0,BMW,3 Series,25076.0
2002.0,150079.0,,Civic,10225.0
2021.0,73182.0,Audi,Q5,25322.0
2007.0,24108.0,Audi,A3,21186.0
2011.0,71139.0,Honda,Accord,20592.0
2015.0,73517.0,BMW,5 Series,24039.0
2012.0,110919.0,Audi,,18422.0
2015.0,31164.0,BMW,X3,26037.0
2008.0,64816.0,BMW,3 Series,17623.0
2016.0,48772.0,Honda,Accord,24682.0
2004.0,56137.0,Audi,A4,16521.0
2004.0,80080.0,BMW,5 Series,15659.0
2019.0,145971.0,BMW,,19179.0
2015.0,180916.0,Toyota,Prius,16811.0
2021.0,61884.0,BMW,X3,25415.0
2009.0,139900.0,Toyota,Prius,14765.0
2021.0,134318.0,BMW,5 Series,20494.0
2001.0,97105.0,Honda,Accord,12309.0
2022.0,45629.0,Audi,A4,28111.0
2006.0,85648.0,Honda,Civic,16622.0
2000.0,113549.0,BMW,5 Series,11805.0
2006.0,82706.0,Ford,Fusion,18847.0
2015.0,96139.0,Honda,Civic,20929.0
2002.0,6713.0,Toyota,Prius,18755.0
2000.0,121410.0,BMW,3 Series,11255.0
2013.0,184404.0,BMW,5 Series,16742.0
2016.0,118353.0,BMW,3 Series,20250.0
2016.0,138916.0,BMW,5 Series,18305.0
2018.0,188699.0,Honda,Fit,16561.0
2013.0,107737.0,BMW,5 Series,18105.0
2008.0,180913.0,Ford,Mustang,11601.0
2012.0,140643.0,,5 Series,17179.0
2002.0,106645.0,BMW,X3,13900.0
2012.0,89888.0,Audi,A3,18946.0
2007.0,63090.0,Audi,Q5,20313.0
2003.0,150491.0,,3 Series,13988.0
2007.0,126683.0,Honda,Accord,13728.0
2000.0,167742.0,Ford,Focus,11431.0
2004.0,17390.0,Audi,A3,19456.0
2008.0,124106.0,Toyota,Corolla,14480.0
2015.0,89890.0,Audi,A3,19978.0
2009.0,118475.0,Toyota,Prius,15620.0
2010.0,111632.0,Honda,Civic,18879.0
2009.0,36033.0,Ford,Fusion,21007.0
2000.0,149234.0,Honda,Accord,11898.0
2015.0,69842.0,Toyota,Prius,24343.0
2018.0,64555.0,Ford,Fusion,24950.0
2006.0,159083.0,BMW,5 Series,14077.0
2021.0,60854.0,Ford,Focus,24727.0
2016.0,187693.0,Toyota,Camry,16548.0
2006.0,9609.0,Ford,Fusion,19890.0
2010.0,110812.0,BMW,3 Series,17728.0
2020.0,19545.0,Audi,A3,27941.0
2015.0,24200.0,BMW,3 Series,25478.0
2003.0,30770.0,BMW,3 Series,20084.0
2015.0,26772.0,,X3,24384.0
2013.0,182745.0,Honda,Civic,17199.0
2018.0,141697.0,Honda,Fit,20282.0
2017.0,61437.0,Honda,Fit,25704.0
2010.0,56613.0,BMW,5 Series,21747.0
2012.0,47135.0,Audi,A4,21604.0
2019.0,63121.0,Ford,Mustang,24868.0
2018.0,36791.0,Ford,Fusion,24783.0
2003.0,68742.0,Audi,Q5,17612.0
2003.0,1515.0,Toyota,Corolla,21690.0
2016.0,129761.0,BMW,3 Series,21093.0
2006.0,24942.0,Ford,Focus,21346.0
2009.0,7004.0,Audi,,20848.0
2008.0,181572.0,Audi,A3,12579.0
2005.0,144170.0,Ford,,14528.0
2009.0,191136.0,Toyota,Corolla,13684.0
2015.0,134140.0,BMW,X3,18515.0
2020.0,137023.0,Ford,Fusion,23071.0
2019.0,45839.0,Ford,Focus,24668.0
2022.0,36589.0,Toyota,Corolla,28932.0
2001.0,90725.0,BMW,5 Series,16371.0
2004.0,71773.0,Audi,A4,18628.0
2022.0,155075.0,Audi,Q5,21100.0
2005.0,81770.0,Ford,Fusion,17312.0
2005.0,112213.0,BMW,3 Series,16475.0
2018.0,63879.0,Honda,Civic,23934.0
2018.0,51544.0,Toyota,Corolla,25488.0
2010.0,183318.0,BMW,X3,12932.0
2018.0,81490.0,Ford,Mustang,23114.0
2016.0,33573.0,Toyota,Corolla,24921.0
2012.0,69807.0,Honda,Civic,22554.0
2004.0,120489.0,Honda,Civic,13868.0
2016.0,110661.0,BMW,5 Series,20385.0
2021.0,63451.0,Ford,Mustang,24544.0
2016.0,151320.0,Honda,Civic,18718.0
2007.0,45592.0,Audi,Q5,19049.0
2021.0,38330.0,Toyota,Camry,25730.0
2015.0,25024.0,Ford,Mustang,24054.0
2003.0,26032.0,BMW,X3,20645.0
2014.0,85994.0,Honda,Fit,22936.0
2021.0,173637.0,Ford,Focus,18793.0
2013.0,6933.0,BMW,X3,25084.0
2020.0,147904.0,,Prius,22114.0
2013.0,190432.0,Audi,A4,14750.0
2022.0,153216.0,Ford,Fusion,23788.0
2004.0,153917.0,,Fusion,14232.0
2016.0,187482.0,BMW,X3,18888.0
2009.0,32042.0,Honda,Fit,19946.0
2020.0,85655.0,Audi,A4,24672.0
2007.0,154336.0,Audi,A4,14328.0
2004.0,104097.0,Honda,Civic,16431.0
2017.0,165249.0,Audi,Q5,18090.0
2020.0,93493.0,Ford,Focus,21854.0
2020.0,90246.0,Ford,Focus,25057.0
2011.0,97201.0,Ford,,20684.0
2007.0,84905.0,BMW,5 Series,16978.0
2016.0,187877.0,Honda,Fit,15228.0
2009.0,102024.0,Toyota,Camry,16230.0
2013.0,49525.0,Toyota,Corolla,23498.0
2010.0,180551.0,Ford,Fusion,13428.0
2006.0,83661.0,Honda,Accord,15832.0
2022.0,135936.0,BMW,3 Series,23591.0
2005.0,145530.0,Toyota,Prius,13474.0
2018.0,86990.0,Honda,Civic,24793.0
2004.0,38120.0,Audi,A3,16971.0
2018.0,174234.0,,Mustang,20125.0
2022.0,195743.0,Honda,Civic,21476.0
2002.0,73567.0,Honda,Fit,16819.0
2021.0,24370.0,,Focus,26427.0
2015.0,142445.0,BMW,5 Series,18265.0
2002.0,106563.0,Honda,Fit,15273.0
2011.0,66887.0,Ford,Focus,22261.0
2001.0,112242.0,Toyota,Prius,12724.0
2022.0,154993.0,Audi,,23118.0
2006.0,119795.0,Honda,Fit,14991.0
2000.0,174959.0,,Prius,11350.0
2017.0,88942.0,Audi,A4,22796.0
2003.0,50357.0,Honda,Civic,18241.0
2022.0,98850.0,Audi,A3,23606.0
2012.0,38172.0,Ford,Fusion,23626.0
2002.0,25749.0,Ford,Mustang,17399.0
2011.0,150706.0,Honda,Civic,16206.0
2004.0,49037.0,Toyota,Corolla,18591.0
2003.0,140703.0,Ford,Focus,11922.0
2021.0,164126.0,Ford,Fusion,21974.0
2005.0,160768.0,Toyota,Corolla,14388.0
2000.0,161789.0,Audi,A3,11846.0
2021.0,154617.0,Toyota,Prius,20820.0
2004.0,180258.0,Toyota,Camry,10088.0
2017.0,192508.0,Honda,Fit,18898.0
2002.0,167066.0,Audi,Q5,12700.0
2006.0,56890.0,Ford,Fusion,19405.0
2011.0,173044.0,Toyota,Camry,13640.0
2013.0,137304.0,BMW,3 Series,19019.0
2016.0,78788.0,Audi,A4,20888.0
2006.0,67742.0,Toyota,Camry,17450.0
2021.0,124523.0,Toyota,Camry,24167.0
2015.0,148338.0,Honda,Fit,17270.0
2003.0,164569.0,Honda,Accord,13613.0
2003.0,18978.0,Honda,Accord,18598.0
2013.0,67192.0,Toyota,Prius,20615.0
2022.0,8050.0,Ford,Focus,31085.0
2004.0,60243.0,Honda,Fit,19122.0
2004.0,137086.0,BMW,5 Series,13399.0
2004.0,107396.0,Audi,A3,15436.0
2003.0,162426.0,Honda,Fit,11793.0
2006.0,116935.0,BMW,5 Series,16012.0
2011.0,83115.0,BMW,3 Series,18210.0
2022.0,166002.0,Honda,Accord,22209.0
2008.0,7620.0,BMW,5 Series,24118.0
2007.0,34470.0,Audi,Q5,18440.0
2008.0,112855.0,Honda,Civic,18480.0
2019.0,81441.0,Ford,,23980.0
2018.0,132483.0,Toyota,Prius,19518.0
2002.0,30932.0,Honda,Fit,17090.0
2021.0,58897.0,Honda,Accord,25054.0
2004.0,66453.0,,Accord,18368.0
2007.0,27839.0,Ford,Mustang,21363.0
2014.0,21284.0,Toyota,Prius,24639.0
2006.0,146597.0,Audi,A4,14874.0
2015.0,163754.0,Audi,Q5,16304.0
2019.0,177558.0,BMW,X3,17858.0
2003.0,197352.0,Ford,Fusion,9746.0
2008.0,142089.0,Honda,Fit,13912.0
2016.0,66647.0,Toyota,Prius,23546.0
2015.0,130163.0,Honda,Accord,20424.0
2017.0,121168.0,Audi,A4,20115.0
2016.0,138665.0,Toyota,Camry,19442.0
2001.0,40983.0,BMW,3 Series,15617.0
2007.0,10221.0,Audi,Q5,21745.0
2006.0,23886.0,Toyota,Camry,21362.0
2020.0,159324.0,Audi,Q5,20590.0
2019.0,80964.0,Honda,Fit,22179.0
2021.0,192542.0,BMW,5 Series,19296.0
2001.0,106319.0,Audi,A4,12665.0
2010.0,28894.0,Honda,Civic,21107.0
2015.0,65662.0,BMW,X3,24309.0
2009.0,63093.0,Honda,Accord,19854.0
2021.0,105087.0,BMW,5 Series,22087.0
2013.0,177999.0,Audi,A4,16226.0
2020.0,62112.0,BMW,3 Series,25405.0
2018.0,177863.0,Audi,A3,20193.0
2019.0,6400.0,,X3,27071.0
2009.0,39579.0,BMW,5 Series,19545.0
2010.0,20520.0,Honda,Accord,24346.0
2001.0,103412.0,Toyota,Corolla,15164.0
2000.0,45188.0,Ford,Mustang,15317.0
2000.0,160684.0,Audi,Q5,11991.0
2021.0,97936.0,Toyota,Camry,22743.0
2003.0,83912.0,BMW,3 Series,14289.0
2013.0,77119.0,BMW,X3,19474.0
2002.0,124222.0,Audi,,12838.0
2014.0,197589.0,Ford,,16579.0
2009.0,127351.0,Toyota,Prius,17179.0
2019.0,170812.0,Toyota,Camry,18304.0
2012.0,194345.0,Toyota,Camry,16108.0
2003.0,37656.0,Toyota,Camry,18433.0
2002.0,90216.0,,A4,13861.0
2002.0,191225.0,BMW,5 Series,9532.0
2016.0,157611.0,BMW,3 Series,16842.0
2016.0,76231.0,Honda,Fit,22826.0
2019.0,48943.0,BMW,5 Series,24086.0
2000.0,84417.0,Ford,Mustang,12617.0
2022.0,87855.0,Honda,Fit,24589.0
2013.0,33166.0,Toyota,Camry,23020.0
2007.0,25420.0,Toyota,,18816.0
2021.0,119363.0,,Corolla,24327.0
2000.0,146360.0,BMW,5 Series,12969.0
2022.0,121847.0,Ford,,23760.0
2013.0,149415.0,Ford,Fusion,15534.0
2004.0,76406.0,BMW,,16143.0
2007.0,185074.0,BMW,5 Series,11833.0
2022.0,99492.0,Ford,Mustang,23021.0
2003.0,8905.0,Audi,Q5,21327.0
2021.0,188420.0,Audi,A3,20817.0
2022.0,77249.0,BMW,3 Series,25437.0
2004.0,59828.0,Toyota,Corolla,18958.0
2014.0,24857.0,BMW,5 Series,22595.0
2013.0,58452.0,Audi,A3,20946.0
2014.0,13671.0,Audi,A3,24285.0
2010.0,77390.0,Ford,Mustang,21099.0
2002.0,92534.0,Toyota,Camry,13704.0
2008.0,158357.0,Toyota,Camry,15485.0
2012.0,12816.0,BMW,3 Series,22368.0
2007.0,7164.0,BMW,5 Series,20990.0
2021.0,142979.0,BMW,5 Series,23777.0
2009.0,91455.0,Honda,Civic,16472.0
2020.0,185507.0,BMW,5 Series,20397.0
2014.0,96339.0,Audi,Q5,21318.0
2002.0,13084.0,BMW,X3,18161.0
2001.0,20421.0,Honda,Fit,17931.0
2002.0,72912.0,Toyota,Camry,15252.0
2000.0,7380.0,Toyota,Camry,18454.0
2007.0,183474.0,Audi,Q5,12420.0
2008.0,100667.0,Honda,Fit,18258.0
2003.0,176991.0,Toyota,Prius,12176.0
2001.0,130065.0,Toyota,Corolla,12898.0
2018.0,67475.0,Audi,A3,24679.0
2018.0,48091.0,BMW,X3,25443.0
2011.0,193459.0,Toyota,Prius,12981.0
2002.0,111487.0,Honda,Civic,13870.0
2021.0,48047.0,Honda,Civic,26697.0
2001.0,187681.0,Honda,Accord,10589.0
2016.0,193602.0,Honda,,16309.0
2006.0,13264.0,Audi,A3,21133.0
2014.0,104142.0,Honda,Accord,20706.0
2017.0,47527.0,BMW,3 Series,25274.0
2013.0,107403.0,Ford,Fusion,18160.0
2009.0,13723.0,Audi,Q5,21820.0
2016.0,163433.0,Ford,Mustang,20210.0
2007.0,45229.0,Toyota,Corolla,18520.0
2001.0,193910.0,Honda,Fit,10431.0
2007.0,45292.0,Honda,Accord,17777.0
2005.0,9760.0,Ford,Focus,21877.0
2005.0,180151.0,BMW,3 Series,12575.0
2007.0,182629.0,Ford,Mustang,11954.0
2009.0,86341.0,Ford,Focus,17783.0
2021.0,121607.0,Ford,Focus,22124.0
2016.0,182273.0,Honda,Accord,16785.0
2019.0,34618.0,Ford,Focus,27149.0
2014.0,73357.0,Ford,Fusion,23812.0
2004.0,61010.0,Ford,Fusion,17264.0
2017.0,42204.0,Audi,Q5,24926.0
2016.0,196906.0,Ford,Mustang,17500.0
2007.0,98875.0,BMW,3 Series,18228.0
2016.0,121765.0,Audi,A3,21246.0
2004.0,116804.0,BMW,5 Series,14056.0
2013.0,124169.0,Ford,Focus,20768.0
2001.0,148607.0,Audi,A3,9694.0
2022.0,115244.0,Toyota,Camry,21903.0
2000.0,180909.0,Toyota,Camry,10209.0
2007.0,45463.0,Ford,Focus,19075.0
2007.0,24356.0,BMW,5 Series,20090.0
2001.0,116770.0,Toyota,Corolla,11333.0
2016.0,185897.0,Honda,Accord,17414.0
2019.0,90820.0,Toyota,,22433.0
2019.0,150567.0,Toyota,Prius,18770.0
2016.0,79618.0,Honda,Fit,22240.0
2006.0,166319.0,,X3,14418.0
2011.0,162717.0,Audi,Q5,16474.0
2006.0,30971.0,Ford,Focus,19393.0
2001.0,107271.0,Toyota,Prius,12986.0
2008.0,121900.0,Ford,Mustang,17123.0
2015.0,28369.0,Toyota,Prius,25929.0
2006.0,39825.0,Honda,Accord,18406.0
2018.0,37495.0,Toyota,Corolla,24626.0
2000.0,28085.0,,Fusion,15389.0
2011.0,20858.0,BMW,X3,24068.0
2009.0,105716.0,Ford,Fusion,15962.0
2001.0,168609.0,Toyota,Corolla,11393.0
2007.0,119630.0,Toyota,Prius,15804.0
2018.0,35416.0,Ford,Fusion,27008.0
2006.0,164208.0,Audi,A3,12112.0
2008.0,35441.0,Audi,A3,20972.0
2017.0,136343.0,BMW,X3,19850.0
2013.0,81661.0,BMW,X3,20889.0
2002.0,152460.0,BMW,X3,13336.0
2001.0,161584.0,Honda,Fit,12724.0
2016.0,191075.0,Audi,A4,17699.0
2003.0,181690.0,,Fit,9700.0
2013.0,108045.0,Audi,A3,20974.0
2005.0,179770.0,Audi,A4,11841.0
2001.0,146495.0,Ford,Mustang,10726.0
2004.0,27885.0,Audi,A4,19453.0
2010.0,92056.0,,,18179.0
2014.0,129173.0,Toyota,Prius,17487.0
2006.0,104110.0,Toyota,Camry,18122.0
2014.0,72329.0,Honda,Accord,22311.0
2008.0,147274.0,Honda,Civic,14507.0
2022.0,11500.0,Ford,Focus,30789.0
2022.0,8009.0,Toyota,Corolla,28867.0
2022.0,12289.0,Audi,Q5,28331.0
2004.0,104073.0,Toyota,Corolla,14960.0
2009.0,26423.0,Audi,A4,23323.0
2012.0,57514.0,BMW,3 Series,22326.0
2021.0,153390.0,Honda,Civic,22707.0
2014.0,29291.0,Ford,Fusion,24400.0
2012.0,144221.0,Honda,Civic,16832.0
2012.0,4222.0,Ford,Mustang,25892.0
2001.0,153327.0,Audi,A4,11362.0
2014.0,32809.0,Ford,Mustang,25073.0
2010.0,178129.0,,3 Series,15321.0
2013.0,74689.0,Ford,Focus,23189.0
2010.0,99866.0,Toyota,Camry,20500.0
2012.0,7410.0,Toyota,Camry,24020.0
2015.0,131773.0,,Civic,18973.0
2005.0,179887.0,BMW,3 Series,11961.0
2022.0,191156.0,Toyota,Prius,18180.0
2022.0,165901.0,Honda,Accord,22296.0
2009.0,69029.0,Ford,Mustang,19419.0
2019.0,198299.0,Ford,Mustang,19225.0
2017.0,100916.0,Toyota,Corolla,22952.0
2018.0,35452.0,,Fit,25703.0
2009.0,172203.0,Audi,Q5,14732.0
2004.0,166805.0,Toyota,Corolla,11139.0
2017.0,49929.0,Ford,Focus,22816.0
2016.0,61704.0,BMW,X3,22513.0
2012.0,36443.0,Honda,Fit,22110.0
2019.0,47888.0,Ford,Fusion,27335.0
2004.0,127239.0,Honda,Accord,14072.0
2005.0,22227.0,Audi,A4,19313.0
2013.0,127570.0,,A4,17952.0
2009.0,88011.0,Audi,Q5,17251.0
2022.0,112248.0,Ford,Fusion,24519.0
2002.0,190301.0,,Corolla,11252.0
2000.0,14031.0,BMW,3 Series,19568.0
2005.0,75371.0,Toyota,Camry,18193.0
2008.0,3414.0,Toyota,Prius,23301.0
2001.0,165106.0,Toyota,Camry,12500.0
2005.0,61725.0,Toyota,Corolla,18429.0
2011.0,61638.0,Audi,Q5,20563.0
2004.0,160457.0,Honda,Accord,12278.0
2015.0,100167.0,Honda,Accord,19836.0
2007.0,132894.0,BMW,X3,16234.0
2018.0,106179.0,Audi,Q5,21415.0
2002.0,88018.0,Ford,Focus,13343.0
2019.0,104403.0,Honda,Accord,24673.0
2022.0,143097.0,,Civic,21585.0
2009.0,15572.0,Ford,Fusion,20951.0
2013.0,180677.0,Ford,Fusion,15510.0
2016.0,66798.0,Honda,Accord,21417.0
2015.0,191984.0,BMW,X3,17181.0
2014.0,76762.0,BMW,X3,19926.0
2017.0,73537.0,Honda,Accord,22764.0
2018.0,192361.0,Honda,Fit,16674.0
2018.0,93991.0,Toyota,Camry,22824.0
2017.0,72693.0,Audi,Q5,22258.0
2022.0,83220.0,Honda,Civic,26397.0
2004.0,84761.0,Toyota,,16953.0
2018.0,188119.0,Honda,Fit,19260.0
2011.0,137654.0,Honda,Fit,15933.0
2020.0,87977.0,BMW,5 Series,25663.0
2000.0,121089.0,Honda,Accord,11632.0
2022.0,196094.0,Honda,Accord,18813.0
2009.0,110663.0,Honda,Accord,18521.0
2005.0,54439.0,Ford,Focus,16372.0
2021.0,36996.0,Toyota,,26446.0
2013.0,1236.0,BMW,X3,26838.0
2008.0,103025.0,,3 Series,17363.0
2012.0,148914.0,Toyota,Corolla,17982.0
2012.0,117767.0,BMW,X3,19116.0
2011.0,146062.0,,X3,14920.0
2014.0,111358.0,Audi,A4,18626.0
2004.0,155099.0,Audi,A4,11892.0
2004.0,148699.0,BMW,3 Series,12734.0
2020.0,51392.0,Audi,A3,25718.0
2010.0,145458.0,Ford,Fusion,15734.0
2016.0,179145.0,Audi,A4,16143.0
2017.0,87544.0,,Camry,23469.0
2009.0,117279.0,Audi,A3,18838.0
2003.0,167218.0,Audi,A4,11138.0
2020.0,25066.0,Toyota,Corolla,27850.0
2000.0,116152.0,Toyota,Corolla,12318.0
2014.0,120994.0,Audi,A3,19020.0
2006.0,62168.0,Audi,,16962.0
2010.0,90527.0,Audi,Q5,17896.0
2001.0,13600.0,Honda,Accord,16573.0
2022.0,82507.0,Honda,Accord,23607.0
2006.0,45267.0,Toyota,Corolla,20053.0
2002.0,194870.0,BMW,3 Series,10188.0
2012.0,118318.0,Honda,,18061.0
2004.0,87714.0,Audi,Q5,14406.0
2014.0,126040.0,Ford,Fusion,17837.0
2020.0,109800.0,BMW,5 Series,24569.0
2004.0,61598.0,,A4,16384.0
2000.0,154899.0,,Q5,8992.0
2022.0,160615.0,BMW,X3,19881.0
2021.0,59719.0,Ford,Fusion,24485.0
2020.0,96576.0,Honda,Accord,21987.0
2009.0,63402.0,Toyota,Camry,18456.0
2003.0,93986.0,BMW,5 Series,14013.0
2009.0,193940.0,Audi,A3,12217.0
2002.0,111549.0,Honda,Fit,13248.0
2000.0,62964.0,Honda,Fit,14733.0
2000.0,71746.0,Audi,A3,16483.0
2009.0,138323.0,Toyota,Camry,15844.0
2013.0,120085.0,Ford,Mustang,18356.0
2008.0,11218.0,Audi,Q5,20804.0
2020.0,48421.0,Audi,A3,25413.0
2007.0,123287.0,BMW,5 Series,16821.0
2011.0,82864.0,Ford,,18433.0
2021.0,23848.0,Ford,Focus,27335.0
2022.0,95465.0,Honda,Accord,26440.0
2001.0,193472.0,BMW,3 Series,8749.0
2007.0,118252.0,Audi,A3,16559.0
2001.0,15219.0,Audi,A3,18559.0
2016.0,58560.0,BMW,,22732.0
2000.0,84474.0,BMW,3 Series,12868.0
2001.0,86628.0,Toyota,Corolla,15898.0
2020.0,82641.0,Toyota,Corolla,22989.0
2018.0,85906.0,Ford,Focus,23680.0
2002.0,152778.0,Toyota,,11969.0
2011.0,68351.0,BMW,5 Series,21149.0
2009.0,130322.0,Toyota,Camry,15696.0
2017.0,166470.0,Honda,Civic,20110.0
2009.0,64316.0,Ford,Focus,20707.0
2019.0,343.0,Honda,Accord,29458.0
2007.0,17518.0,,,20104.0
2016.0,179643.0,Ford,Mustang,18970.0
2000.0,193742.0,BMW,5 Series,8426.0
2011.0,71839.0,Toyota,Prius,20361.0
2014.0,152645.0,Toyota,Prius,19822.0
2012.0,66746.0,Toyota,Prius,23147.0
2016.0,4231.0,Audi,A4,28059.0
2002.0,175518.0,Toyota,Prius,11855.0
2014.0,71043.0,Audi,Q5,21570.0
2020.0,70136.0,Ford,Fusion,24645.0
2014.0,109912.0,Ford,Fusion,21311.0
2002.0,21733.0,Ford,Focus,18796.0
2008.0,117769.0,Toyota,Prius,17784.0
2012.0,116330.0,BMW,X3,16911.0
2017.0,98801.0,BMW,3 Series,23240.0
2017.0,192898.0,,A3,16161.0
2021.0,151724.0,Audi,A4,21290.0
2006.0,7150.0,Audi,A4,21994.0
2017.0,181315.0,,5 Series,16268.0
2018.0,144854.0,Honda,Fit,21537.0
2005.0,61109.0,Audi,A3,19692.0
2010.0,178686.0,Honda,Fit,13511.0
2004.0,100370.0,BMW,5 Series,14224.0
2005.0,196140.0,Toyota,Corolla,10219.0
2012.0,180070.0,BMW,3 Series,13864.0
2009.0,65783.0,,Fusion,18592.0
2011.0,79388.0,Toyota,Camry,21848.0
2016.0,178542.0,Toyota,Camry,15689.0
2021.0,169500.0,Toyota,Corolla,21233.0
2021.0,27615.0,Ford,Mustang,29322.0
2016.0,43198.0,BMW,5 Series,23501.0
2011.0,56082.0,Honda,Civic,22100.0
2005.0,141136.0,Toyota,Corolla,14874.0
2007.0,126644.0,Ford,Focus,14236.0
2021.0,66114.0,Toyota,Prius,27147.0
2006.0,11961.0,Honda,Fit,22817.0
2021.0,114179.0,Toyota,Corolla,21550.0
2005.0,22260.0,Audi,Q5,18965.0
2020.0,104129.0,Toyota,Camry,24211.0
2019.0,8923.0,Ford,,29385.0
2021.0,62621.0,Ford,Mustang,26629.0
2003.0,117272.0,Ford,Focus,14810.0
2012.0,26059.0,Honda,Accord,22239.0
2008.0,142196.0,Toyota,Prius,17047.0
2016.0,126566.0,Honda,Civic,20051.0
2006.0,135052.0,Ford,Fusion,15274.0
2021.0,95543.0,Ford,Focus,22640.0
2014.0,103318.0,Honda,Civic,18582.0
2010.0,104555.0,Honda,Accord,17415.0
2017.0,54075.0,Ford,Focus,25352.0
2012.0,161066.0,BMW,X3,16331.0
2002.0,127230.0,Audi,A4,11450.0
2021.0,71576.0,BMW,5 Series,25992.0
2011.0,88776.0,Audi,A3,19724.0
2016.0,20417.0,Audi,Q5,23729.0
2009.0,26918.0,BMW,3 Series,22677.0
2007.0,53629.0,Audi,Q5,19038.0
2014.0,179318.0,BMW,X3,15538.0
2001.0,155952.0,BMW,5 Series,10809.0
2005.0,71341.0,Toyota,Corolla,18230.0
2004.0,33574.0,BMW,X3,16967.0
2013.0,139686.0,Honda,Civic,19852.0
2020.0,94185.0,Toyota,Prius,23571.0
2003.0,108489.0,Ford,Fusion,15834.0
2004.0,118903.0,Toyota,Camry,13503.0
2019.0,184194.0,BMW,X3,18858.0
2004.0,57854.0,,Fit,18435.0
2010.0,50643.0,Toyota,Corolla,22428.0
2016.0,28064.0,Toyota,Prius,23246.0
2001.0,95819.0,Toyota,Camry,13548.0
2015.0,47218.0,Toyota,Prius,21871.0
2011.0,193972.0,Toyota,Prius,12691.0
2007.0,70041.0,Audi,A3,18200.0
2018.0,70708.0,BMW,5 Series,23514.0
2022.0,142971.0,,5 Series,20446.0
2009.0,95670.0,BMW,X3,18467.0
2004.0,140751.0,Ford,Focus,13724.0
2021.0,58962.0,Toyota,Prius,26186.0
2001.0,100074.0,Ford,,15515.0
2008.0,142620.0,BMW,X3,15304.0
2006.0,68714.0,Ford,Mustang,17088.0
2017.0,112802.0,Toyota,Prius,19652.0
2009.0,188828.0,Audi,Q5,12626.0
2000.0,149984.0,Audi,A3,12330.0
2009.0,92520.0,Toyota,Prius,16815.0
2004.0,103906.0,Ford,Fusion,13483.0
2005.0,23379.0,Toyota,Corolla,20439.0
2015.0,75719.0,Toyota,Corolla,20642.0
2014.0,85034.0,BMW,5 Series,21081.0
2007.0,51912.0,Audi,A3,21039.0
2000.0,125351.0,Toyota,Camry,11726.0
2004.0,173425.0,Honda,Fit,13662.0
2003.0,81460.0,,Accord,14112.0
2022.0,88921.0,Audi,A4,24247.0
2003.0,23213.0,Toyota,Corolla,17517.0
2015.0,189695.0,Audi,A3,16748.0
2012.0,164474.0,Audi,A3,16871.0
2013.0,184772.0,Toyota,Camry,16723.0
2006.0,418.0,BMW,3 Series,21471.0
2006.0,153537.0,Honda,Civic,13487.0
2005.0,194912.0,Honda,Civic,11184.0
2001.0,136781.0,Audi,A3,13504.0
2007.0,93837.0,Ford,Mustang,15516.0
2015.0,119839.0,BMW,5 Series,18941.0
2001.0,133652.0,Audi,A4,12723.0
2021.0,62884.0,Audi,A3,24012.0
2018.0,135853.0,,A4,21299.0
2021.0,95220.0,Ford,Focus,22472.0
2013.0,125703.0,Ford,Focus,17113.0
2001.0,173360.0,Ford,,11981.0
2002.0,133538.0,Audi,Q5,14216.0
2007.0,101083.0,BMW,5 Series,18280.0
2016.0,57287.0,Ford,Focus,24460.0
2020.0,6986.0,Ford,Mustang,26157.0
2020.0,59967.0,Honda,Accord,24835.0
2003.0,9075.0,BMW,5 Series,19632.0
2007.0,50879.0,BMW,5 Series,20239.0
2014.0,183964.0,BMW,3 Series,15950.0
2013.0,114190.0,Toyota,Corolla,18310.0
2021.0,139031.0,Audi,,22965.0
2017.0,153707.0,Honda,Fit,20224.0
2014.0,122066.0,Audi,A3,19773.0
2006.0,23398.0,Toyota,Camry,21875.0
2015.0,10749.0,Toyota,Corolla,27131.0
2018.0,25043.0,BMW,X3,26251.0
2012.0,27739.0,Audi,A4,24255.0
2002.0,78178.0,Honda,Fit,16899.0
2021.0,158840.0,BMW,X3,21747.0
2000.0,97827.0,Audi,A4,12163.0
2009.0,4395.0,Honda,,21723.0
2003.0,42480.0,Ford,Fusion,17154.0
2016.0,151550.0,Honda,Civic,18052.0
2014.0,137094.0,Toyota,Corolla,19014.0
2006.0,112794.0,Toyota,Camry,15201.0
2009.0,51417.0,BMW,5 Series,21025.0
2008.0,125310.0,BMW,,16691.0
2019.0,115591.0,Audi,A4,22319.0
2019.0,149089.0,Honda,Accord,21127.0
2016.0,84950.0,Honda,Fit,22744.0
2013.0,133463.0,BMW,3 Series,17610.0
2002.0,120422.0,Audi,Q5,13743.0
2009.0,130736.0,Audi,A3,17393.0
2022.0,66794.0,Audi,A4,27212.0
2012.0,46307.0,Toyota,Camry,23192.0
2011.0,19843.0,Audi,A3,24106.0
2021.0,141766.0,Toyota,Camry,22765.0
2020.0,114329.0,Ford,Fusion,21396.0
2018.0,105669.0,Audi,A3,24001.0
2014.0,30276.0,Ford,Mustang,25535.0
2013.0,120092.0,Audi,A3,20746.0
2019.0,193816.0,,Mustang,17378.0
2003.0,81659.0,BMW,X3,15384.0
2013.0,188326.0,Toyota,Camry,14506.0
2006.0,194495.0,Toyota,Corolla,10347.0
2007.0,10390.0,Toyota,Corolla,22153.0
2011.0,111997.0,Ford,Mustang,18892.0
2015.0,143671.0,Audi,A4,18183.0
2002.0,119364.0,Audi,A3,13359.0
2006.0,187364.0,Audi,Q5,13025.0
2012.0,125083.0,Audi,A4,18574.0
2017.0,34342.0,Audi,Q5,23425.0
2010.0,100701.0,Audi,A4,20086.0
1995.0,351414.0,Honda,Corolla,91629.0
1990.0,244384.0,Toyota,Corolla,84880.0
1991.0,279702.0,BMW,Fusion,63562.0
1995.0,239079.0,Honda,Corolla,74493.0
1999.0,413390.0,BMW,Fit,94247.0
1995.0,321795.0,Ford,Mustang,63136.0
1999.0,428752.0,Audi,A4,93906.0
1994.0,288515.0,Ford,Camry,57697.0
1999.0,205821.0,Honda,Civic,64366.0
1994.0,350202.0,BMW,Prius,97615.0
